1	(500) Days of Summer	My Little Pony: Friendship Is Magic	https://compstorylab.org/archetypometrics/cards/My-Little-Pony-Friendship-Is-Magic-2000-464-341.pdf
2	10 Things I Hate About You	NCIS	https://compstorylab.org/archetypometrics/cards/NCIS-2000-464-341.pdf
3	30 Rock	Wynonna Earp	https://compstorylab.org/archetypometrics/cards/Wynonna-Earp-2000-464-341.pdf
4	8 Mile	The Walking Dead	https://compstorylab.org/archetypometrics/cards/The-Walking-Dead-2000-464-341.pdf
5	A Nightmare on Elm Street	White Collar	https://compstorylab.org/archetypometrics/cards/White-Collar-2000-464-341.pdf
6	A Series of Unfortunate Events	Breaking Bad	https://compstorylab.org/archetypometrics/cards/Breaking-Bad-2000-464-341.pdf
7	A Star Is Born	The Breakfast Club	https://compstorylab.org/archetypometrics/cards/The-Breakfast-Club-2000-464-341.pdf
8	A Tale of Two Cities	The Wizard of Oz	https://compstorylab.org/archetypometrics/cards/The-Wizard-of-Oz-2000-464-341.pdf
9	Adventures of Huckleberry Finn	This Is Us	https://compstorylab.org/archetypometrics/cards/This-Is-Us-2000-464-341.pdf
10	After Life	Jane the Virgin	https://compstorylab.org/archetypometrics/cards/Jane-the-Virgin-2000-464-341.pdf
11	Agents of S.H.I.E.L.D.	John Wick	https://compstorylab.org/archetypometrics/cards/John-Wick-2000-464-341.pdf
12	Aladdin	Jurassic Park	https://compstorylab.org/archetypometrics/cards/Jurassic-Park-2000-464-341.pdf
13	Alien	The Bourne Identity	https://compstorylab.org/archetypometrics/cards/The-Bourne-Identity-2000-464-341.pdf
14	American History X	Toy Story	https://compstorylab.org/archetypometrics/cards/Toy-Story-2000-464-341.pdf
15	American Sniper	The West Wing	https://compstorylab.org/archetypometrics/cards/The-West-Wing-2000-464-341.pdf
16	Amélie	WandaVision	https://compstorylab.org/archetypometrics/cards/WandaVision-2000-464-341.pdf
17	Anna Karenina	Hannibal	https://compstorylab.org/archetypometrics/cards/Hannibal-2000-464-341.pdf
18	Annie Hall	The Expanse	https://compstorylab.org/archetypometrics/cards/The-Expanse-2000-464-341.pdf
19	Arcane	Black Swan	https://compstorylab.org/archetypometrics/cards/Black-Swan-2000-464-341.pdf
20	Archer	Jane Eyre	https://compstorylab.org/archetypometrics/cards/Jane-Eyre-2000-464-341.pdf
21	Arrested Development	Band of Brothers	https://compstorylab.org/archetypometrics/cards/Band-of-Brothers-2000-464-341.pdf
22	Arrow	Friday Night Lights	https://compstorylab.org/archetypometrics/cards/Friday-Night-Lights-2000-464-341.pdf
23	Atlas Shrugged	Singin' in the Rain	https://compstorylab.org/archetypometrics/cards/Singin-in-the-Rain-2000-464-341.pdf
24	Atomic Blonde	Schitt's Creek	https://compstorylab.org/archetypometrics/cards/Schitts-Creek-2000-464-341.pdf
25	Attack on Titan	Peaky Blinders	https://compstorylab.org/archetypometrics/cards/Peaky-Blinders-2000-464-341.pdf
26	Avatar: The Last Airbender	The Land Before Time	https://compstorylab.org/archetypometrics/cards/The-Land-Before-Time-2000-464-341.pdf
27	Baby Driver	Little Women	https://compstorylab.org/archetypometrics/cards/Little-Women-2000-464-341.pdf
28	Back to the Future	Star Wars: The Last Jedi	https://compstorylab.org/archetypometrics/cards/Star-Wars-The-Last-Jedi-2000-464-341.pdf
29	Bad Boys	Fifty Shades of Grey	https://compstorylab.org/archetypometrics/cards/Fifty-Shades-of-Grey-2000-464-341.pdf
30	Band of Brothers	Money Heist	https://compstorylab.org/archetypometrics/cards/Money-Heist-2000-464-341.pdf
31	Battlestar Galactica	High School Musical	https://compstorylab.org/archetypometrics/cards/High-School-Musical-2000-464-341.pdf
32	Baywatch	Riverdale	https://compstorylab.org/archetypometrics/cards/Riverdale-2000-464-341.pdf
33	Beauty and the Beast	Boston Legal	https://compstorylab.org/archetypometrics/cards/Boston-Legal-2000-464-341.pdf
34	Before Sunrise	Ratatouille	https://compstorylab.org/archetypometrics/cards/Ratatouille-2000-464-341.pdf
35	Beowulf	Lucifer	https://compstorylab.org/archetypometrics/cards/Lucifer-2000-464-341.pdf
36	Better Call Saul	Wheel of Time	https://compstorylab.org/archetypometrics/cards/Wheel-of-Time-2000-464-341.pdf
37	Black Swan	Scandal	https://compstorylab.org/archetypometrics/cards/Scandal-2000-464-341.pdf
38	Bloodline	Brokeback Mountain	https://compstorylab.org/archetypometrics/cards/Brokeback-Mountain-2000-464-341.pdf
39	Blue Bloods	The Departed	https://compstorylab.org/archetypometrics/cards/The-Departed-2000-464-341.pdf
40	Bob's Burgers	Rick and Morty	https://compstorylab.org/archetypometrics/cards/Rick-and-Morty-2000-464-341.pdf
41	Bones	Rogue One	https://compstorylab.org/archetypometrics/cards/Rogue-One-2000-464-341.pdf
42	Booksmart	Robin Hood	https://compstorylab.org/archetypometrics/cards/Robin-Hood-2000-464-341.pdf
43	Boston Legal	Romeo and Juliet	https://compstorylab.org/archetypometrics/cards/Romeo-and-Juliet-2000-464-341.pdf
44	Breakfast at Tiffany's	Jurassic World	https://compstorylab.org/archetypometrics/cards/Jurassic-World-2000-464-341.pdf
45	Breaking Bad	Fahrenheit 451	https://compstorylab.org/archetypometrics/cards/Fahrenheit-451-2000-464-341.pdf
46	Broad City	Neon Genesis Evangelion	https://compstorylab.org/archetypometrics/cards/Neon-Genesis-Evangelion-2000-464-341.pdf
47	Brokeback Mountain	Dexter	https://compstorylab.org/archetypometrics/cards/Dexter-2000-464-341.pdf
48	Brooklyn Nine-Nine	The Good Place	https://compstorylab.org/archetypometrics/cards/The-Good-Place-2000-464-341.pdf
49	Buffy the Vampire Slayer	Beowulf	https://compstorylab.org/archetypometrics/cards/Beowulf-2000-464-341.pdf
50	CSI: Crime Scene Investigation	House, M.D.	https://compstorylab.org/archetypometrics/cards/House-MD-2000-464-341.pdf
51	Calvin and Hobbes	Jaws	https://compstorylab.org/archetypometrics/cards/Jaws-2000-464-341.pdf
52	Casablanca	La La Land	https://compstorylab.org/archetypometrics/cards/La-La-Land-2000-464-341.pdf
53	Castle	LOST	https://compstorylab.org/archetypometrics/cards/LOST-2000-464-341.pdf
54	Catch Me If You Can	Elementary	https://compstorylab.org/archetypometrics/cards/Elementary-2000-464-341.pdf
55	Chicago Fire	Gone Girl	https://compstorylab.org/archetypometrics/cards/Gone-Girl-2000-464-341.pdf
56	Chilling Adventures of Sabrina	The Great Gatsby	https://compstorylab.org/archetypometrics/cards/The-Great-Gatsby-2000-464-341.pdf
57	Cobra Kai	The 100	https://compstorylab.org/archetypometrics/cards/The-100-2000-464-341.pdf
58	Coco	Two and a Half Men	https://compstorylab.org/archetypometrics/cards/Two-and-a-Half-Men-2000-464-341.pdf
59	Community	Twilight	https://compstorylab.org/archetypometrics/cards/Twilight-2000-464-341.pdf
60	Cowboy Bebop	Grey's Anatomy	https://compstorylab.org/archetypometrics/cards/Greys-Anatomy-2000-464-341.pdf
61	Crazy Ex-Girlfriend	Get Out	https://compstorylab.org/archetypometrics/cards/Get-Out-2000-464-341.pdf
62	Crazy Rich Asians	Adventures of Huckleberry Finn	https://compstorylab.org/archetypometrics/cards/Adventures-of-Huckleberry-Finn-2000-464-341.pdf
63	Criminal Minds	Law \& Order: SVU	https://compstorylab.org/archetypometrics/cards/Law-and-Order-SVU-2000-464-341.pdf
64	Crouching Tiger, Hidden Dragon	Baywatch	https://compstorylab.org/archetypometrics/cards/Baywatch-2000-464-341.pdf
65	Ctrl+Alt+Del	Willy Wonka \& the Chocolate Factory	https://compstorylab.org/archetypometrics/cards/Willy-Wonka-and-the-Chocolate-Factory-2000-464-341.pdf
66	Damages	Buffy the Vampire Slayer	https://compstorylab.org/archetypometrics/cards/Buffy-the-Vampire-Slayer-2000-464-341.pdf
67	Dark	Dark	https://compstorylab.org/archetypometrics/cards/Dark-2000-464-341.pdf
68	Death Note	Mindhunter	https://compstorylab.org/archetypometrics/cards/Mindhunter-2000-464-341.pdf
69	Degrassi: The Next Generation	Outlander	https://compstorylab.org/archetypometrics/cards/Outlander-2000-464-341.pdf
70	Desperate Housewives	Criminal Minds	https://compstorylab.org/archetypometrics/cards/Criminal-Minds-2000-464-341.pdf
71	Dexter	Ocean's 11	https://compstorylab.org/archetypometrics/cards/Oceans-11-2000-464-341.pdf
72	Die Hard	American Sniper	https://compstorylab.org/archetypometrics/cards/American-Sniper-2000-464-341.pdf
73	Dirty Dancing	The Odyssey	https://compstorylab.org/archetypometrics/cards/The-Odyssey-2000-464-341.pdf
74	Divergent	Outer Banks	https://compstorylab.org/archetypometrics/cards/Outer-Banks-2000-464-341.pdf
75	Don Quixote	The OA	https://compstorylab.org/archetypometrics/cards/The-OA-2000-464-341.pdf
76	Downton Abbey	Promising Young Woman	https://compstorylab.org/archetypometrics/cards/Promising-Young-Woman-2000-464-341.pdf
77	Dr. Horrible's Sing-Along Blog	That 70's Show	https://compstorylab.org/archetypometrics/cards/That-70s-Show-2000-464-341.pdf
78	Dune	Dr. Horrible's Sing-Along Blog	https://compstorylab.org/archetypometrics/cards/Dr-Horribles-Sing-Along-Blog-2000-464-341.pdf
79	ER	SpongeBob SquarePants	https://compstorylab.org/archetypometrics/cards/SpongeBob-SquarePants-2000-464-341.pdf
80	Elementary	Crazy Ex-Girlfriend	https://compstorylab.org/archetypometrics/cards/Crazy-Ex-Girlfriend-2000-464-341.pdf
81	Elizabethtown	American History X	https://compstorylab.org/archetypometrics/cards/American-History-X-2000-464-341.pdf
82	Emily in Paris	Moulin Rouge!	https://compstorylab.org/archetypometrics/cards/Moulin-Rouge-2000-464-341.pdf
83	Ender's Game	Squid Game	https://compstorylab.org/archetypometrics/cards/Squid-Game-2000-464-341.pdf
84	Entourage	Roman Holiday	https://compstorylab.org/archetypometrics/cards/Roman-Holiday-2000-464-341.pdf
85	Eternal Sunshine of the Spotless Mind	Emily in Paris	https://compstorylab.org/archetypometrics/cards/Emily-in-Paris-2000-464-341.pdf
86	Euphoria	A Tale of Two Cities	https://compstorylab.org/archetypometrics/cards/A-Tale-of-Two-Cities-2000-464-341.pdf
87	Ex Machina	Ex Machina	https://compstorylab.org/archetypometrics/cards/Ex-Machina-2000-464-341.pdf
88	Fahrenheit 451	The Silence of the Lambs	https://compstorylab.org/archetypometrics/cards/The-Silence-of-the-Lambs-2000-464-341.pdf
89	Farscape	Beauty and the Beast	https://compstorylab.org/archetypometrics/cards/Beauty-and-the-Beast-2000-464-341.pdf
90	Fast & Furious	The Godfather	https://compstorylab.org/archetypometrics/cards/The-Godfather-2000-464-341.pdf
91	Ferris Bueller's Day Off	Raiders of the Lost Ark	https://compstorylab.org/archetypometrics/cards/Raiders-of-the-Lost-Ark-2000-464-341.pdf
92	Fifty Shades of Grey	Harry Potter	https://compstorylab.org/archetypometrics/cards/Harry-Potter-2000-464-341.pdf
93	Fight Club	Ferris Bueller's Day Off	https://compstorylab.org/archetypometrics/cards/Ferris-Buellers-Day-Off-2000-464-341.pdf
94	Finding Nemo	Shadow and Bone	https://compstorylab.org/archetypometrics/cards/Shadow-and-Bone-2000-464-341.pdf
95	Firefly + Serenity	The Handmaid's Tale	https://compstorylab.org/archetypometrics/cards/The-Handmaids-Tale-2000-464-341.pdf
96	Fleabag	Crazy Rich Asians	https://compstorylab.org/archetypometrics/cards/Crazy-Rich-Asians-2000-464-341.pdf
97	Forrest Gump	Agents of S.H.I.E.L.D.	https://compstorylab.org/archetypometrics/cards/Agents-of-SHIELD-2000-464-341.pdf
98	Friday Night Lights	The Hangover	https://compstorylab.org/archetypometrics/cards/The-Hangover-2000-464-341.pdf
99	Friends	Locke \& Key	https://compstorylab.org/archetypometrics/cards/Locke-and-Key-2000-464-341.pdf
100	Frozen	Elizabethtown	https://compstorylab.org/archetypometrics/cards/Elizabethtown-2000-464-341.pdf
101	Fullmetal Alchemist: Brotherhood	Stranger Things	https://compstorylab.org/archetypometrics/cards/Stranger-Things-2000-464-341.pdf
102	Futurama	The Hunger Games	https://compstorylab.org/archetypometrics/cards/The-Hunger-Games-2000-464-341.pdf
103	Game of Thrones	Star Wars: Revenge of the Sith	https://compstorylab.org/archetypometrics/cards/Star-Wars-Revenge-of-the-Sith-2000-464-341.pdf
104	Get Out	Parks and Recreation	https://compstorylab.org/archetypometrics/cards/Parks-and-Recreation-2000-464-341.pdf
105	Ghostbusters	The Scarlet Letter	https://compstorylab.org/archetypometrics/cards/The-Scarlet-Letter-2000-464-341.pdf
106	Gilmore Girls	Pride and Prejudice	https://compstorylab.org/archetypometrics/cards/Pride-and-Prejudice-2000-464-341.pdf
107	Girls	Broad City	https://compstorylab.org/archetypometrics/cards/Broad-City-2000-464-341.pdf
108	Gladiator	Star Trek: Deep Space Nine	https://compstorylab.org/archetypometrics/cards/Star-Trek-Deep-Space-Nine-2000-464-341.pdf
109	Glee	Tangled	https://compstorylab.org/archetypometrics/cards/Tangled-2000-464-341.pdf
110	Gone Girl	Steins;Gate	https://compstorylab.org/archetypometrics/cards/SteinsGate-2000-464-341.pdf
111	Gone With the Wind	The Fault in Our Stars	https://compstorylab.org/archetypometrics/cards/The-Fault-in-Our-Stars-2000-464-341.pdf
112	Good Will Hunting	The Mentalist	https://compstorylab.org/archetypometrics/cards/The-Mentalist-2000-464-341.pdf
113	Gossip Girl	Prison Break	https://compstorylab.org/archetypometrics/cards/Prison-Break-2000-464-341.pdf
114	Gotham	Pirates of the Caribbean	https://compstorylab.org/archetypometrics/cards/Pirates-of-the-Caribbean-2000-464-341.pdf
115	Green Book	Snow White and the Seven Dwarfs	https://compstorylab.org/archetypometrics/cards/Snow-White-and-the-Seven-Dwarfs-2000-464-341.pdf
116	Grey's Anatomy	Penny Arcade	https://compstorylab.org/archetypometrics/cards/Penny-Arcade-2000-464-341.pdf
117	Groundhog Day	Pulp Fiction	https://compstorylab.org/archetypometrics/cards/Pulp-Fiction-2000-464-341.pdf
118	Hamilton	Jennifer's Body	https://compstorylab.org/archetypometrics/cards/Jennifers-Body-2000-464-341.pdf
119	Hamlet	Hustlers	https://compstorylab.org/archetypometrics/cards/Hustlers-2000-464-341.pdf
120	Hannibal	Catch Me If You Can	https://compstorylab.org/archetypometrics/cards/Catch-Me-If-You-Can-2000-464-341.pdf
121	Harry Potter	Pok\'{e}mon	https://compstorylab.org/archetypometrics/cards/Pokemon-2000-464-341.pdf
122	High School Musical	Hamlet	https://compstorylab.org/archetypometrics/cards/Hamlet-2000-464-341.pdf
123	House of Gucci	Gossip Girl	https://compstorylab.org/archetypometrics/cards/Gossip-Girl-2000-464-341.pdf
124	House, M.D.	ER	https://compstorylab.org/archetypometrics/cards/ER-2000-464-341.pdf
125	How I Met Your Mother	The Social Network	https://compstorylab.org/archetypometrics/cards/The-Social-Network-2000-464-341.pdf
126	How To Get Away With Murder	Zombieland	https://compstorylab.org/archetypometrics/cards/Zombieland-2000-464-341.pdf
127	Hustlers	The Perks of Being a Wallflower	https://compstorylab.org/archetypometrics/cards/The-Perks-of-Being-a-Wallflower-2000-464-341.pdf
128	Inception	Community	https://compstorylab.org/archetypometrics/cards/Community-2000-464-341.pdf
129	Independence Day	House of Gucci	https://compstorylab.org/archetypometrics/cards/House-of-Gucci-2000-464-341.pdf
130	It's Always Sunny in Philadelphia	CSI: Crime Scene Investigation	https://compstorylab.org/archetypometrics/cards/CSI-Crime-Scene-Investigation-2000-464-341.pdf
131	Jane Eyre	Girls	https://compstorylab.org/archetypometrics/cards/Girls-2000-464-341.pdf
132	Jane the Virgin	The Shape of Water	https://compstorylab.org/archetypometrics/cards/The-Shape-of-Water-2000-464-341.pdf
133	Jaws	Terminator 2: Judgement Day	https://compstorylab.org/archetypometrics/cards/Terminator-2-Judgement-Day-2000-464-341.pdf
134	Jennifer's Body	Ender's Game	https://compstorylab.org/archetypometrics/cards/Enders-Game-2000-464-341.pdf
135	John Wick	Psycho	https://compstorylab.org/archetypometrics/cards/Psycho-2000-464-341.pdf
136	Jurassic Park	Silver Linings Playbook	https://compstorylab.org/archetypometrics/cards/Silver-Linings-Playbook-2000-464-341.pdf
137	Jurassic World	Bob's Burgers	https://compstorylab.org/archetypometrics/cards/Bobs-Burgers-2000-464-341.pdf
138	Killing Eve	Ozark	https://compstorylab.org/archetypometrics/cards/Ozark-2000-464-341.pdf
139	LOST	The Man in the High Castle	https://compstorylab.org/archetypometrics/cards/The-Man-in-the-High-Castle-2000-464-341.pdf
140	La La Land	The Last of the Mohicans	https://compstorylab.org/archetypometrics/cards/The-Last-of-the-Mohicans-2000-464-341.pdf
141	Law & Order: SVU	Damages	https://compstorylab.org/archetypometrics/cards/Damages-2000-464-341.pdf
142	Les Misérables	The Simpsons	https://compstorylab.org/archetypometrics/cards/The-Simpsons-2000-464-341.pdf
143	Lilo & Stitch	Entourage	https://compstorylab.org/archetypometrics/cards/Entourage-2000-464-341.pdf
144	Little Women	Booksmart	https://compstorylab.org/archetypometrics/cards/Booksmart-2000-464-341.pdf
145	Locke & Key	The Boondock Saints	https://compstorylab.org/archetypometrics/cards/The-Boondock-Saints-2000-464-341.pdf
146	Lord of the Rings	Euphoria	https://compstorylab.org/archetypometrics/cards/Euphoria-2000-464-341.pdf
147	Lucifer	The Da Vinci Code	https://compstorylab.org/archetypometrics/cards/The-Da-Vinci-Code-2000-464-341.pdf
148	M*A*S*H	Sleepless in Seattle	https://compstorylab.org/archetypometrics/cards/Sleepless-in-Seattle-2000-464-341.pdf
149	Macbeth	Shameless	https://compstorylab.org/archetypometrics/cards/Shameless-2000-464-341.pdf
150	Mad Max: Fury Road	Tropic Thunder	https://compstorylab.org/archetypometrics/cards/Tropic-Thunder-2000-464-341.pdf
151	Mad Men	Blue Bloods	https://compstorylab.org/archetypometrics/cards/Blue-Bloods-2000-464-341.pdf
152	Maleficent	When Harry Met Sally...	https://compstorylab.org/archetypometrics/cards/When-Harry-Met-Sally-2000-464-341.pdf
153	Mamma Mia!	Mean Girls	https://compstorylab.org/archetypometrics/cards/Mean-Girls-2000-464-341.pdf
154	Marvel Cinematic Universe	Modern Family	https://compstorylab.org/archetypometrics/cards/Modern-Family-2000-464-341.pdf
155	Mean Girls	Bloodline	https://compstorylab.org/archetypometrics/cards/Bloodline-2000-464-341.pdf
156	Mindhunter	Mad Men	https://compstorylab.org/archetypometrics/cards/Mad-Men-2000-464-341.pdf
157	Modern Family	Supergirl	https://compstorylab.org/archetypometrics/cards/Supergirl-2000-464-341.pdf
158	Money Heist	Fleabag	https://compstorylab.org/archetypometrics/cards/Fleabag-2000-464-341.pdf
159	Monsters, Inc.	Glee	https://compstorylab.org/archetypometrics/cards/Glee-2000-464-341.pdf
160	Moulin Rouge!	Monsters, Inc.	https://compstorylab.org/archetypometrics/cards/Monsters-Inc-2000-464-341.pdf
161	Mr. Robot	Star Trek: The Next Generation	https://compstorylab.org/archetypometrics/cards/Star-Trek-The-Next-Generation-2000-464-341.pdf
162	Mrs Dalloway	Maleficent	https://compstorylab.org/archetypometrics/cards/Maleficent-2000-464-341.pdf
163	Mulan	One Flew Over the Cuckoo's Nest	https://compstorylab.org/archetypometrics/cards/One-Flew-Over-the-Cuckoos-Nest-2000-464-341.pdf
164	Mulholland Drive	Cowboy Bebop	https://compstorylab.org/archetypometrics/cards/Cowboy-Bebop-2000-464-341.pdf
165	My Little Pony: Friendship Is Magic	Back to the Future	https://compstorylab.org/archetypometrics/cards/Back-to-the-Future-2000-464-341.pdf
166	NCIS	Scrubs	https://compstorylab.org/archetypometrics/cards/Scrubs-2000-464-341.pdf
167	Naruto	Mr. Robot	https://compstorylab.org/archetypometrics/cards/Mr-Robot-2000-464-341.pdf
168	Neon Genesis Evangelion	Green Book	https://compstorylab.org/archetypometrics/cards/Green-Book-2000-464-341.pdf
169	New Girl	Groundhog Day	https://compstorylab.org/archetypometrics/cards/Groundhog-Day-2000-464-341.pdf
170	Nineteen Eighty-Four	The Umbrella Academy	https://compstorylab.org/archetypometrics/cards/The-Umbrella-Academy-2000-464-341.pdf
171	Nomadland	Parasite	https://compstorylab.org/archetypometrics/cards/Parasite-2000-464-341.pdf
172	Normal People	Sense and Sensibility	https://compstorylab.org/archetypometrics/cards/Sense-and-Sensibility-2000-464-341.pdf
173	Ocean's 11	Frozen	https://compstorylab.org/archetypometrics/cards/Frozen-2000-464-341.pdf
174	Once Upon a Time	Firefly + Serenity	https://compstorylab.org/archetypometrics/cards/Firefly--Serenity-2000-464-341.pdf
175	One Flew Over the Cuckoo's Nest	Succession	https://compstorylab.org/archetypometrics/cards/Succession-2000-464-341.pdf
176	One Punch Man	Brooklyn Nine-Nine	https://compstorylab.org/archetypometrics/cards/Brooklyn-Nine-Nine-2000-464-341.pdf
177	Orange is the New Black	The Big Sick	https://compstorylab.org/archetypometrics/cards/The-Big-Sick-2000-464-341.pdf
178	Outer Banks	Smallville	https://compstorylab.org/archetypometrics/cards/Smallville-2000-464-341.pdf
179	Outlander	Se7en	https://compstorylab.org/archetypometrics/cards/Se7en-2000-464-341.pdf
180	Ozark	Good Will Hunting	https://compstorylab.org/archetypometrics/cards/Good-Will-Hunting-2000-464-341.pdf
181	Parasite	Transformers	https://compstorylab.org/archetypometrics/cards/Transformers-2000-464-341.pdf
182	Parks and Recreation	Am\'{e}lie	https://compstorylab.org/archetypometrics/cards/Amelie-2000-464-341.pdf
183	Peaky Blinders	Gone With the Wind	https://compstorylab.org/archetypometrics/cards/Gone-With-the-Wind-2000-464-341.pdf
184	Penny Arcade	Fight Club	https://compstorylab.org/archetypometrics/cards/Fight-Club-2000-464-341.pdf
185	Pirates of the Caribbean	A Series of Unfortunate Events	https://compstorylab.org/archetypometrics/cards/A-Series-of-Unfortunate-Events-2000-464-341.pdf
186	Pokémon	Fast \& Furious	https://compstorylab.org/archetypometrics/cards/Fast-and-Furious-2000-464-341.pdf
187	Portrait of a Lady on Fire	Forrest Gump	https://compstorylab.org/archetypometrics/cards/Forrest-Gump-2000-464-341.pdf
188	Pretty Little Liars	After Life	https://compstorylab.org/archetypometrics/cards/After-Life-2000-464-341.pdf
189	Pride and Prejudice	New Girl	https://compstorylab.org/archetypometrics/cards/New-Girl-2000-464-341.pdf
190	Prison Break	The Flash	https://compstorylab.org/archetypometrics/cards/The-Flash-2000-464-341.pdf
191	Promising Young Woman	A Nightmare on Elm Street	https://compstorylab.org/archetypometrics/cards/A-Nightmare-on-Elm-Street-2000-464-341.pdf
192	Psych	Finding Nemo	https://compstorylab.org/archetypometrics/cards/Finding-Nemo-2000-464-341.pdf
193	Psycho	Better Call Saul	https://compstorylab.org/archetypometrics/cards/Better-Call-Saul-2000-464-341.pdf
194	Pulp Fiction	How I Met Your Mother	https://compstorylab.org/archetypometrics/cards/How-I-Met-Your-Mother-2000-464-341.pdf
195	Raiders of the Lost Ark	It's Always Sunny in Philadelphia	https://compstorylab.org/archetypometrics/cards/Its-Always-Sunny-in-Philadelphia-2000-464-341.pdf
196	Ratatouille	Nomadland	https://compstorylab.org/archetypometrics/cards/Nomadland-2000-464-341.pdf
197	Rick and Morty	Before Sunrise	https://compstorylab.org/archetypometrics/cards/Before-Sunrise-2000-464-341.pdf
198	Riverdale	The Curious Case of Benjamin Button	https://compstorylab.org/archetypometrics/cards/The-Curious-Case-of-Benjamin-Button-2000-464-341.pdf
199	Robin Hood	Degrassi: The Next Generation	https://compstorylab.org/archetypometrics/cards/Degrassi-The-Next-Generation-2000-464-341.pdf
200	Rogue One	M*A*S*H	https://compstorylab.org/archetypometrics/cards/MASH-2000-464-341.pdf
201	Roman Holiday	A Star Is Born	https://compstorylab.org/archetypometrics/cards/A-Star-Is-Born-2000-464-341.pdf
202	Romeo and Juliet	Psych	https://compstorylab.org/archetypometrics/cards/Psych-2000-464-341.pdf
203	Ruby Sparks	Coco	https://compstorylab.org/archetypometrics/cards/Coco-2000-464-341.pdf
204	Sailor Moon	The Incredibles	https://compstorylab.org/archetypometrics/cards/The-Incredibles-2000-464-341.pdf
205	Scandal	Battlestar Galactica	https://compstorylab.org/archetypometrics/cards/Battlestar-Galactica-2000-464-341.pdf
206	Schitt's Creek	Twelfth Night	https://compstorylab.org/archetypometrics/cards/Twelfth-Night-2000-464-341.pdf
207	Scrubs	Fullmetal Alchemist: Brotherhood	https://compstorylab.org/archetypometrics/cards/Fullmetal-Alchemist-Brotherhood-2000-464-341.pdf
208	Se7en	Baby Driver	https://compstorylab.org/archetypometrics/cards/Baby-Driver-2000-464-341.pdf
209	Seinfeld	Once Upon a Time	https://compstorylab.org/archetypometrics/cards/Once-Upon-a-Time-2000-464-341.pdf
210	Sense and Sensibility	Cobra Kai	https://compstorylab.org/archetypometrics/cards/Cobra-Kai-2000-464-341.pdf
211	Sense8	How To Get Away With Murder	https://compstorylab.org/archetypometrics/cards/How-To-Get-Away-With-Murder-2000-464-341.pdf
212	Sex Education	Bones	https://compstorylab.org/archetypometrics/cards/Bones-2000-464-341.pdf
213	Sex and the City	Star Trek: Voyager	https://compstorylab.org/archetypometrics/cards/Star-Trek-Voyager-2000-464-341.pdf
214	Shadow and Bone	The Spectacular Now	https://compstorylab.org/archetypometrics/cards/The-Spectacular-Now-2000-464-341.pdf
215	Shameless	Castle	https://compstorylab.org/archetypometrics/cards/Castle-2000-464-341.pdf
216	Shaun of the Dead	Friends	https://compstorylab.org/archetypometrics/cards/Friends-2000-464-341.pdf
217	Sherlock	Gotham	https://compstorylab.org/archetypometrics/cards/Gotham-2000-464-341.pdf
218	Shrek	Casablanca	https://compstorylab.org/archetypometrics/cards/Casablanca-2000-464-341.pdf
219	Silicon Valley	The Witcher	https://compstorylab.org/archetypometrics/cards/The-Witcher-2000-464-341.pdf
220	Silver Linings Playbook	Gilmore Girls	https://compstorylab.org/archetypometrics/cards/Gilmore-Girls-2000-464-341.pdf
221	Singin' in the Rain	The X-Files	https://compstorylab.org/archetypometrics/cards/The-X-Files-2000-464-341.pdf
222	Sleepless in Seattle	The Sopranos	https://compstorylab.org/archetypometrics/cards/The-Sopranos-2000-464-341.pdf
223	Smallville	Dune	https://compstorylab.org/archetypometrics/cards/Dune-2000-464-341.pdf
224	Snow White and the Seven Dwarfs	X-Men	https://compstorylab.org/archetypometrics/cards/X-Men-2000-464-341.pdf
225	Sons of Anarchy	Normal People	https://compstorylab.org/archetypometrics/cards/Normal-People-2000-464-341.pdf
226	South Park	Die Hard	https://compstorylab.org/archetypometrics/cards/Die-Hard-2000-464-341.pdf
227	Space Force	The Room	https://compstorylab.org/archetypometrics/cards/The-Room-2000-464-341.pdf
228	Speed	Bad Boys	https://compstorylab.org/archetypometrics/cards/Bad-Boys-2000-464-341.pdf
229	SpongeBob SquarePants	Veep	https://compstorylab.org/archetypometrics/cards/Veep-2000-464-341.pdf
230	Squid Game	Mulholland Drive	https://compstorylab.org/archetypometrics/cards/Mulholland-Drive-2000-464-341.pdf
231	Star Trek: Deep Space Nine	The Big Bang Theory	https://compstorylab.org/archetypometrics/cards/The-Big-Bang-Theory-2000-464-341.pdf
232	Star Trek: The Next Generation	Eternal Sunshine of the Spotless Mind	https://compstorylab.org/archetypometrics/cards/Eternal-Sunshine-of-the-Spotless-Mind-2000-464-341.pdf
233	Star Trek: Voyager	Crouching Tiger, Hidden Dragon	https://compstorylab.org/archetypometrics/cards/Crouching-Tiger-Hidden-Dragon-2000-464-341.pdf
234	Star Wars: A New Hope	The Little Mermaid	https://compstorylab.org/archetypometrics/cards/The-Little-Mermaid-2000-464-341.pdf
235	Star Wars: Revenge of the Sith	The Marvelous Mrs. Maisel	https://compstorylab.org/archetypometrics/cards/The-Marvelous-Mrs-Maisel-2000-464-341.pdf
236	Star Wars: The Last Jedi	Killing Eve	https://compstorylab.org/archetypometrics/cards/Killing-Eve-2000-464-341.pdf
237	Stargate SG-1	The Lego Movie	https://compstorylab.org/archetypometrics/cards/The-Lego-Movie-2000-464-341.pdf
238	Steins;Gate	Superstore	https://compstorylab.org/archetypometrics/cards/Superstore-2000-464-341.pdf
239	Stranger Things	The Shawshank Redemption	https://compstorylab.org/archetypometrics/cards/The-Shawshank-Redemption-2000-464-341.pdf
240	Succession	South Park	https://compstorylab.org/archetypometrics/cards/South-Park-2000-464-341.pdf
241	Suits	Star Wars: A New Hope	https://compstorylab.org/archetypometrics/cards/Star-Wars-A-New-Hope-2000-464-341.pdf
242	Superbad	Silicon Valley	https://compstorylab.org/archetypometrics/cards/Silicon-Valley-2000-464-341.pdf
243	Supergirl	Supernatural	https://compstorylab.org/archetypometrics/cards/Supernatural-2000-464-341.pdf
244	Supernatural	Avatar: The Last Airbender	https://compstorylab.org/archetypometrics/cards/Avatar-The-Last-Airbender-2000-464-341.pdf
245	Superstore	Shrek	https://compstorylab.org/archetypometrics/cards/Shrek-2000-464-341.pdf
246	Tangled	Portrait of a Lady on Fire	https://compstorylab.org/archetypometrics/cards/Portrait-of-a-Lady-on-Fire-2000-464-341.pdf
247	Ted Lasso	The Good, the Bad, and the Ugly	https://compstorylab.org/archetypometrics/cards/The-Good-the-Bad-and-the-Ugly-2000-464-341.pdf
248	Terminator 2: Judgement Day	Mamma Mia!	https://compstorylab.org/archetypometrics/cards/Mamma-Mia-2000-464-341.pdf
249	That 70's Show	Space Force	https://compstorylab.org/archetypometrics/cards/Space-Force-2000-464-341.pdf
250	The 100	Sailor Moon	https://compstorylab.org/archetypometrics/cards/Sailor-Moon-2000-464-341.pdf
251	The Americans	Sherlock	https://compstorylab.org/archetypometrics/cards/Sherlock-2000-464-341.pdf
252	The Big Bang Theory	Sex and the City	https://compstorylab.org/archetypometrics/cards/Sex-and-the-City-2000-464-341.pdf
253	The Big Sick	Superbad	https://compstorylab.org/archetypometrics/cards/Superbad-2000-464-341.pdf
254	The Blacklist	Sons of Anarchy	https://compstorylab.org/archetypometrics/cards/Sons-of-Anarchy-2000-464-341.pdf
255	The Boondock Saints	Pretty Little Liars	https://compstorylab.org/archetypometrics/cards/Pretty-Little-Liars-2000-464-341.pdf
256	The Bourne Identity	Speed	https://compstorylab.org/archetypometrics/cards/Speed-2000-464-341.pdf
257	The Boys	Seinfeld	https://compstorylab.org/archetypometrics/cards/Seinfeld-2000-464-341.pdf
258	The Breakfast Club	Sex Education	https://compstorylab.org/archetypometrics/cards/Sex-Education-2000-464-341.pdf
259	The Cabin in the Woods	Shaun of the Dead	https://compstorylab.org/archetypometrics/cards/Shaun-of-the-Dead-2000-464-341.pdf
260	The Crown	Death Note	https://compstorylab.org/archetypometrics/cards/Death-Note-2000-464-341.pdf
261	The Curious Case of Benjamin Button	Yellowjackets	https://compstorylab.org/archetypometrics/cards/Yellowjackets-2000-464-341.pdf
262	The Da Vinci Code	The Dark Knight	https://compstorylab.org/archetypometrics/cards/The-Dark-Knight-2000-464-341.pdf
263	The Dark Knight	Desperate Housewives	https://compstorylab.org/archetypometrics/cards/Desperate-Housewives-2000-464-341.pdf
264	The Departed	The Blacklist	https://compstorylab.org/archetypometrics/cards/The-Blacklist-2000-464-341.pdf
265	The Devil Wears Prada	Chilling Adventures of Sabrina	https://compstorylab.org/archetypometrics/cards/Chilling-Adventures-of-Sabrina-2000-464-341.pdf
266	The Expanse	Dirty Dancing	https://compstorylab.org/archetypometrics/cards/Dirty-Dancing-2000-464-341.pdf
267	The Fall	Unbreakable Kimmy Schmidt	https://compstorylab.org/archetypometrics/cards/Unbreakable-Kimmy-Schmidt-2000-464-341.pdf
268	The Fault in Our Stars	Downton Abbey	https://compstorylab.org/archetypometrics/cards/Downton-Abbey-2000-464-341.pdf
269	The Flash	10 Things I Hate About You	https://compstorylab.org/archetypometrics/cards/10-Things-I-Hate-About-You-2000-464-341.pdf
270	The Godfather	West Side Story	https://compstorylab.org/archetypometrics/cards/West-Side-Story-2000-464-341.pdf
271	The Good Doctor	Calvin and Hobbes	https://compstorylab.org/archetypometrics/cards/Calvin-and-Hobbes-2000-464-341.pdf
272	The Good Place	To Kill a Mockingbird	https://compstorylab.org/archetypometrics/cards/To-Kill-a-Mockingbird-2000-464-341.pdf
273	The Good Wife	Futurama	https://compstorylab.org/archetypometrics/cards/Futurama-2000-464-341.pdf
274	The Good, the Bad, and the Ugly	Westworld	https://compstorylab.org/archetypometrics/cards/Westworld-2000-464-341.pdf
275	The Great Gatsby	Don Quixote	https://compstorylab.org/archetypometrics/cards/Don-Quixote-2000-464-341.pdf
276	The Handmaid's Tale	Divergent	https://compstorylab.org/archetypometrics/cards/Divergent-2000-464-341.pdf
277	The Hangover	Mad Max: Fury Road	https://compstorylab.org/archetypometrics/cards/Mad-Max-Fury-Road-2000-464-341.pdf
278	The Hunger Games	Archer	https://compstorylab.org/archetypometrics/cards/Archer-2000-464-341.pdf
279	The Incredibles	(500) Days of Summer	https://compstorylab.org/archetypometrics/cards/500-Days-of-Summer-2000-464-341.pdf
280	The Land Before Time	Hamilton	https://compstorylab.org/archetypometrics/cards/Hamilton-2000-464-341.pdf
281	The Last of the Mohicans	Nineteen Eighty-Four	https://compstorylab.org/archetypometrics/cards/Nineteen-Eighty-Four-2000-464-341.pdf
282	The Lego Movie	Mulan	https://compstorylab.org/archetypometrics/cards/Mulan-2000-464-341.pdf
283	The Lion King	Mrs Dalloway	https://compstorylab.org/archetypometrics/cards/Mrs-Dalloway-2000-464-341.pdf
284	The Little Mermaid	The Good Wife	https://compstorylab.org/archetypometrics/cards/The-Good-Wife-2000-464-341.pdf
285	The Man in the High Castle	Orange is the New Black	https://compstorylab.org/archetypometrics/cards/Orange-is-the-New-Black-2000-464-341.pdf
286	The Martian	The Wire	https://compstorylab.org/archetypometrics/cards/The-Wire-2000-464-341.pdf
287	The Marvelous Mrs. Maisel	Titanic	https://compstorylab.org/archetypometrics/cards/Titanic-2000-464-341.pdf
288	The Matrix	Les Mis\'{e}rables	https://compstorylab.org/archetypometrics/cards/Les-Miserables-2000-464-341.pdf
289	The Mentalist	The Lion King	https://compstorylab.org/archetypometrics/cards/The-Lion-King-2000-464-341.pdf
290	The Notebook	Twin Peaks	https://compstorylab.org/archetypometrics/cards/Twin-Peaks-2000-464-341.pdf
291	The OA	8 Mile	https://compstorylab.org/archetypometrics/cards/8-Mile-2000-464-341.pdf
292	The Odyssey	The Notebook	https://compstorylab.org/archetypometrics/cards/The-Notebook-2000-464-341.pdf
293	The Office	The Office	https://compstorylab.org/archetypometrics/cards/The-Office-2000-464-341.pdf
294	The Perks of Being a Wallflower	Ted Lasso	https://compstorylab.org/archetypometrics/cards/Ted-Lasso-2000-464-341.pdf
295	The Princess Bride	The Martian	https://compstorylab.org/archetypometrics/cards/The-Martian-2000-464-341.pdf
296	The Queen's Gambit	Lilo \& Stitch	https://compstorylab.org/archetypometrics/cards/Lilo-and-Stitch-2000-464-341.pdf
297	The Room	The Good Doctor	https://compstorylab.org/archetypometrics/cards/The-Good-Doctor-2000-464-341.pdf
298	The Scarlet Letter	The Fall	https://compstorylab.org/archetypometrics/cards/The-Fall-2000-464-341.pdf
299	The Shape of Water	True Detective	https://compstorylab.org/archetypometrics/cards/True-Detective-2000-464-341.pdf
300	The Shawshank Redemption	Ctrl+Alt+Del	https://compstorylab.org/archetypometrics/cards/CtrlAltDel-2000-464-341.pdf
301	The Silence of the Lambs	The Boys	https://compstorylab.org/archetypometrics/cards/The-Boys-2000-464-341.pdf
302	The Simpsons	The Crown	https://compstorylab.org/archetypometrics/cards/The-Crown-2000-464-341.pdf
303	The Social Network	The Americans	https://compstorylab.org/archetypometrics/cards/The-Americans-2000-464-341.pdf
304	The Sopranos	Alien	https://compstorylab.org/archetypometrics/cards/Alien-2000-464-341.pdf
305	The Spectacular Now	The Devil Wears Prada	https://compstorylab.org/archetypometrics/cards/The-Devil-Wears-Prada-2000-464-341.pdf
306	The Umbrella Academy	Atomic Blonde	https://compstorylab.org/archetypometrics/cards/Atomic-Blonde-2000-464-341.pdf
307	The Vampire Diaries	The Vampire Diaries	https://compstorylab.org/archetypometrics/cards/The-Vampire-Diaries-2000-464-341.pdf
308	The Walking Dead	Arrested Development	https://compstorylab.org/archetypometrics/cards/Arrested-Development-2000-464-341.pdf
309	The West Wing	Stargate SG-1	https://compstorylab.org/archetypometrics/cards/Stargate-SG-1-2000-464-341.pdf
310	The Wire	Annie Hall	https://compstorylab.org/archetypometrics/cards/Annie-Hall-2000-464-341.pdf
311	The Witcher	Anna Karenina	https://compstorylab.org/archetypometrics/cards/Anna-Karenina-2000-464-341.pdf
312	The Wizard of Oz	Vikings	https://compstorylab.org/archetypometrics/cards/Vikings-2000-464-341.pdf
313	The X-Files	The Matrix	https://compstorylab.org/archetypometrics/cards/The-Matrix-2000-464-341.pdf
314	This Is Us	Aladdin	https://compstorylab.org/archetypometrics/cards/Aladdin-2000-464-341.pdf
315	Titanic	Chicago Fire	https://compstorylab.org/archetypometrics/cards/Chicago-Fire-2000-464-341.pdf
316	To Kill a Mockingbird	Tommorrow Never Dies	https://compstorylab.org/archetypometrics/cards/Tommorrow-Never-Dies-2000-464-341.pdf
317	Tommorrow Never Dies	Atlas Shrugged	https://compstorylab.org/archetypometrics/cards/Atlas-Shrugged-2000-464-341.pdf
318	Toy Story	Attack on Titan	https://compstorylab.org/archetypometrics/cards/Attack-on-Titan-2000-464-341.pdf
319	Transformers	Breakfast at Tiffany's	https://compstorylab.org/archetypometrics/cards/Breakfast-at-Tiffanys-2000-464-341.pdf
320	Tropic Thunder	One Punch Man	https://compstorylab.org/archetypometrics/cards/One-Punch-Man-2000-464-341.pdf
321	True Detective	Yellowstone	https://compstorylab.org/archetypometrics/cards/Yellowstone-2000-464-341.pdf
322	Twelfth Night	Game of Thrones	https://compstorylab.org/archetypometrics/cards/Game-of-Thrones-2000-464-341.pdf
323	Twilight	You	https://compstorylab.org/archetypometrics/cards/You-2000-464-341.pdf
324	Twin Peaks	Independence Day	https://compstorylab.org/archetypometrics/cards/Independence-Day-2000-464-341.pdf
325	Two and a Half Men	Gladiator	https://compstorylab.org/archetypometrics/cards/Gladiator-2000-464-341.pdf
326	Unbreakable Kimmy Schmidt	30 Rock	https://compstorylab.org/archetypometrics/cards/30-Rock-2000-464-341.pdf
327	Veep	The Princess Bride	https://compstorylab.org/archetypometrics/cards/The-Princess-Bride-2000-464-341.pdf
328	Vikings	Suits	https://compstorylab.org/archetypometrics/cards/Suits-2000-464-341.pdf
329	WandaVision	Inception	https://compstorylab.org/archetypometrics/cards/Inception-2000-464-341.pdf
330	West Side Story	Arrow	https://compstorylab.org/archetypometrics/cards/Arrow-2000-464-341.pdf
331	Westworld	Sense8	https://compstorylab.org/archetypometrics/cards/Sense8-2000-464-341.pdf
332	Wheel of Time	Ruby Sparks	https://compstorylab.org/archetypometrics/cards/Ruby-Sparks-2000-464-341.pdf
333	When Harry Met Sally...	Macbeth	https://compstorylab.org/archetypometrics/cards/Macbeth-2000-464-341.pdf
334	White Collar	The Cabin in the Woods	https://compstorylab.org/archetypometrics/cards/The-Cabin-in-the-Woods-2000-464-341.pdf
335	Willy Wonka & the Chocolate Factory	Farscape	https://compstorylab.org/archetypometrics/cards/Farscape-2000-464-341.pdf
336	Wynonna Earp	Arcane	https://compstorylab.org/archetypometrics/cards/Arcane-2000-464-341.pdf
337	X-Men	The Queen's Gambit	https://compstorylab.org/archetypometrics/cards/The-Queens-Gambit-2000-464-341.pdf
338	Yellowjackets	Lord of the Rings	https://compstorylab.org/archetypometrics/cards/Lord-of-the-Rings-2000-464-341.pdf
339	Yellowstone	Marvel Cinematic Universe	https://compstorylab.org/archetypometrics/cards/Marvel-Cinematic-Universe-2000-464-341.pdf
340	You	Naruto	https://compstorylab.org/archetypometrics/cards/Naruto-2000-464-341.pdf
341	Zombieland	Ghostbusters	https://compstorylab.org/archetypometrics/cards/Ghostbusters-2000-464-341.pdf
